{
  "GenderAge-MobileNetV3": {
    "model_name": "GenderAge-MobileNetV3",
    "model_file": "best_checkpoint.pth",
    "model_size_mb": 21.420266151428223,
    "total_time": 61.25036299599742,
    "fps": 40.114047979773765,
    "avg_time_ms": 19.81828109481508,
    "std_time_ms": 4.542221498020523,
    "min_time_ms": 19.319935992825776,
    "max_time_ms": 244.84382300579455,
    "avg_confidence": 0.779372735768496,
    "peak_memory_mb": 145.677734375
  }
}